{"cameraMode":{"drawMode":0,"name":"Shaded","section":"Shading Mode"},"sceneLighting":true,"audioPlay":false,"sceneViewState":{"showFog":true,"showMaterialUpdate":false,"showSkybox":true,"showFlares":true,"showImageEffects":true,"showParticleSystems":true},"in2DMode":false,"pivot":{"x":-1.70957350730896,"y":2.1156015396118166,"z":4.161253929138184},"rotation":{"x":0.4128526747226715,"y":0.22113271057605744,"z":-0.10406976193189621,"w":0.8773952722549439},"size":588.3388671875,"orthographic":false}